04_0115019.Png,1
04_0113013.Png,1
04_0105020.Png,1
04_0213020.Png,1
02_0204013.Png,1
11_017.Png,1
10_018.Png,1
12_017.Png,1
11_013.Png,1
02_0203013.Png,1
06_020.Png,1
02_017.Png,1
04_0106018.Png,1
01_017.Png,1
04_019.Png,1
08_019.Png,1
01_0117020.Png,1
12_020.Png,1
03_0213020.Png,1
03_0124017.Png,1
03_020.Png,1
05_020.Png,1
02_0125022.Png,1
04_0125022.Png,1
02_0124017.Png,1
07_020.Png,1
03_0127022.Png,1
04_013.Png,1
04_0110021.Png,1
03_0105020.Png,1
07_021.Png,1
06_019.Png,1
07_022.Png,1
03_0211021.Png,1
02_0204021.Png,1
01_0204021.Png,1
04_022.Png,1
02_013.Png,1
04_0202018.Png,1
07_019.Png,1
06_022.Png,1
03_019.Png,1
04_0107017.Png,1
03_0204013.Png,1
10_017.Png,1
03_0202018.Png,1
03_0112018.Png,1
01_0127020.Png,1
03_017.Png,1
03_0208022.Png,1
04_020.Png,1
08_018.Png,1
01_0214022.Png,1
05_018.Png,1
04_0127020.Png,1
Desktop.Ini,1
05_022.Png,1
02_020.Png,1
02_019.Png,1
02_018.Png,1
03_018.Png,1
01_019.Png,1
01_0213020.Png,1
01_0113013.Png,1
06_018.Png,1
01_0211021.Png,1
09_021.Png,1
03_0119019.Png,1
10_019.Png,1
03_0107017.Png,1
01_013.Png,1
03_0211017.Png,1
04_018.Png,1
08_021.Png,1
01_018.Png,1
01_0127022.Png,1
03_0117020.Png,1
02_0208022.Png,1
05_013.Png,1
01_0124017.Png,1
06_017.Png,1
09_019.Png,1
10_022.Png,1
12_013.Png,1
11_019.Png,1
02_0110021.Png,1
08_013.Png,1
02_0119019.Png,1
01_0107017.Png,1
02_0202018.Png,1
02_021.Png,1
09_020.Png,1
09_017.Png,1
04_0214022.Png,1
11_022.Png,1
02_0211017.Png,1
12_021.Png,1
03_0116019.Png,1
03_0113013.Png,1
08_020.Png,1
02_0127020.Png,1
01_0202018.Png,1
03_0203013.Png,1
01_0106018.Png,1
03_013.Png,1
04_0117020.Png,1
09_018.Png,1
05_021.Png,1
01_020.Png,1
08_022.Png,1
04_0211017.Png,1
01_022.Png,1
03_0101020.Png,1
02_0211021.Png,1
03_0106018.Png,1
06_021.Png,1
01_0116019.Png,1
03_0110021.Png,1
04_017.Png,1
04_0211021.Png,1
01_0203013.Png,1
01_0110021.Png,1
10_020.Png,1
03_0127020.Png,1
10_021.Png,1
05_019.Png,1
04_0101020.Png,1
01_0204013.Png,1
01_0125022.Png,1
11_018.Png,1
03_0125022.Png,1
02_0113013.Png,1
02_0213020.Png,1
01_021.Png,1
11_021.Png,1
04_0112018.Png,1
01_0105020.Png,1
03_0204021.Png,1
02_0115019.Png,1
02_0105020.Png,1
04_0124017.Png,1
02_0214022.Png,1
02_0116019.Png,1
01_0115019.Png,1
12_019.Png,1
04_0119019.Png,1
01_0208022.Png,1
04_0208022.Png,1
03_022.Png,1
05_017.Png,1
12_018.Png,1
04_0127022.Png,1
02_0112018.Png,1
08_017.Png,1
04_021.Png,1
06_013.Png,1
04_0204021.Png,1
02_0117020.Png,1
04_0116019.Png,1
01_0119019.Png,1
02_0127022.Png,1
07_017.Png,1
01_0112018.Png,1
07_018.Png,1
09_022.Png,1
02_022.Png,1
02_0106018.Png,1
03_0115019.Png,1
01_0211017.Png,1
10_013.Png,1
11_020.Png,1
03_0214022.Png,1
09_013.Png,1
07_013.Png,1
02_0107017.Png,1
02_0101020.Png,1
03_021.Png,1
04_0203013.Png,1
04_0204013.Png,1
12_022.Png,1