13_030.PNG,030
14_030.PNG,030
15_030.PNG,030
16_030.PNG,030
17_030.PNG,030
18_030.PNG,030
19_030.PNG,030
20_030.PNG,030
21_030.PNG,030
22_030.PNG,030
23_030.PNG,030
24_030.PNG,030
13_031.PNG,031
14_031.PNG,031
15_031.PNG,031
16_031.PNG,031
17_031.PNG,031
18_031.PNG,031
19_031.PNG,031
20_031.PNG,031
21_031.PNG,031
22_031.PNG,031
23_031.PNG,031
24_031.PNG,031
13_032.PNG,032
14_032.PNG,032
15_032.PNG,032
16_032.PNG,032
17_032.PNG,032
18_032.PNG,032
19_032.PNG,032
20_032.PNG,032
21_032.PNG,032
22_032.PNG,032
23_032.PNG,032
24_032.PNG,032
13_033.PNG,033
14_033.PNG,033
15_033.PNG,033
16_033.PNG,033
17_033.PNG,033
18_033.PNG,033
19_033.PNG,033
20_033.PNG,033
21_033.PNG,033
22_033.PNG,033
23_033.PNG,033
24_033.PNG,033
13_034.PNG,034
14_034.PNG,034
15_034.PNG,034
16_034.PNG,034
17_034.PNG,034
18_034.PNG,034
19_034.PNG,034
20_034.PNG,034
21_034.PNG,034
22_034.PNG,034
23_034.PNG,034
24_034.PNG,034
13_035.PNG,035
14_035.PNG,035
15_035.PNG,035
16_035.PNG,035
17_035.PNG,035
18_035.PNG,035
19_035.PNG,035
20_035.PNG,035
21_035.PNG,035
22_035.PNG,035
23_035.PNG,035
24_035.PNG,035
13_036.PNG,036
14_036.PNG,036
15_036.PNG,036
16_036.PNG,036
17_036.PNG,036
18_036.PNG,036
19_036.PNG,036
20_036.PNG,036
21_036.PNG,036
22_036.PNG,036
23_036.PNG,036
24_036.PNG,036
13_037.PNG,037
14_037.PNG,037
15_037.PNG,037
16_037.PNG,037
17_037.PNG,037
18_037.PNG,037
19_037.PNG,037
20_037.PNG,037
21_037.PNG,037
22_037.PNG,037
23_037.PNG,037
24_037.PNG,037
13_038.PNG,038
14_038.PNG,038
15_038.PNG,038
16_038.PNG,038
17_038.PNG,038
18_038.PNG,038
19_038.PNG,038
20_038.PNG,038
21_038.PNG,038
22_038.PNG,038
23_038.PNG,038
24_038.PNG,038
13_039.PNG,039
14_039.PNG,039
15_039.PNG,039
16_039.PNG,039
17_039.PNG,039
18_039.PNG,039
19_039.PNG,039
20_039.PNG,039
21_039.PNG,039
22_039.PNG,039
23_039.PNG,039
24_039.PNG,039
13_040.PNG,040
14_040.PNG,040
15_040.PNG,040
16_040.PNG,040
17_040.PNG,040
18_040.PNG,040
19_040.PNG,040
20_040.PNG,040
21_040.PNG,040
22_040.PNG,040
23_040.PNG,040
24_040.PNG,040
13_041.PNG,041
14_041.PNG,041
15_041.PNG,041
16_041.PNG,041
17_041.PNG,041
18_041.PNG,041
19_041.PNG,041
20_041.PNG,041
21_041.PNG,041
22_041.PNG,041
23_041.PNG,041
24_041.PNG,041
13_042.PNG,042
14_042.PNG,042
15_042.PNG,042
16_042.PNG,042
17_042.PNG,042
18_042.PNG,042
19_042.PNG,042
20_042.PNG,042
21_042.PNG,042
22_042.PNG,042
23_042.PNG,042
24_042.PNG,042
13_043.PNG,043
14_043.PNG,043
15_043.PNG,043
16_043.PNG,043
17_043.PNG,043
18_043.PNG,043
19_043.PNG,043
20_043.PNG,043
21_043.PNG,043
22_043.PNG,043
23_043.PNG,043
24_043.PNG,043
13_044.PNG,044
14_044.PNG,044
15_044.PNG,044
16_044.PNG,044
17_044.PNG,044
18_044.PNG,044
19_044.PNG,044
20_044.PNG,044
21_044.PNG,044
22_044.PNG,044
23_044.PNG,044
24_044.PNG,044
13_045.PNG,045
14_045.PNG,045
15_045.PNG,045
16_045.PNG,045
17_045.PNG,045
18_045.PNG,045
19_045.PNG,045
20_045.PNG,045
21_045.PNG,045
22_045.PNG,045
23_045.PNG,045
24_045.PNG,045
13_046.PNG,046
14_046.PNG,046
15_046.PNG,046
16_046.PNG,046
17_046.PNG,046
18_046.PNG,046
19_046.PNG,046
20_046.PNG,046
21_046.PNG,046
22_046.PNG,046
23_046.PNG,046
24_046.PNG,046
13_047.PNG,047
14_047.PNG,047
15_047.PNG,047
16_047.PNG,047
17_047.PNG,047
18_047.PNG,047
19_047.PNG,047
20_047.PNG,047
21_047.PNG,047
22_047.PNG,047
23_047.PNG,047
24_047.PNG,047
13_048.PNG,048
14_048.PNG,048
15_048.PNG,048
16_048.PNG,048
17_048.PNG,048
18_048.PNG,048
19_048.PNG,048
20_048.PNG,048
21_048.PNG,048
22_048.PNG,048
23_048.PNG,048
24_048.PNG,048
13_049.PNG,049
14_049.PNG,049
15_049.PNG,049
16_049.PNG,049
17_049.PNG,049
18_049.PNG,049
19_049.PNG,049
20_049.PNG,049
21_049.PNG,049
22_049.PNG,049
23_049.PNG,049
24_049.PNG,049
13_050.PNG,050
14_050.PNG,050
15_050.PNG,050
16_050.PNG,050
17_050.PNG,050
18_050.PNG,050
19_050.PNG,050
20_050.PNG,050
21_050.PNG,050
22_050.PNG,050
23_050.PNG,050
24_050.PNG,050
13_051.PNG,051
14_051.PNG,051
15_051.PNG,051
16_051.PNG,051
17_051.PNG,051
18_051.PNG,051
19_051.PNG,051
20_051.PNG,051
21_051.PNG,051
22_051.PNG,051
23_051.PNG,051
24_051.PNG,051
13_052.PNG,052
14_052.PNG,052
15_052.PNG,052
16_052.PNG,052
17_052.PNG,052
18_052.PNG,052
19_052.PNG,052
20_052.PNG,052
21_052.PNG,052
22_052.PNG,052
23_052.PNG,052
24_052.PNG,052
13_053.PNG,053
14_053.PNG,053
15_053.PNG,053
16_053.PNG,053
17_053.PNG,053
18_053.PNG,053
19_053.PNG,053
21_053.PNG,053
22_053.PNG,053
23_053.PNG,053
24_053.PNG,053
13_054.PNG,054
14_054.PNG,054
15_054.PNG,054
16_054.PNG,054
17_054.PNG,054
18_054.PNG,054
19_054.PNG,054
20_054.PNG,054
21_054.PNG,054
22_054.PNG,054
23_054.PNG,054
24_054.PNG,054
13_055.PNG,055
14_055.PNG,055
15_055.PNG,055
16_055.PNG,055
17_055.PNG,055
18_055.PNG,055
19_055.PNG,055
20_055.PNG,055
21_055.PNG,055
22_055.PNG,055
23_055.PNG,055
24_055.PNG,055
13_056.PNG,056
14_056.PNG,056
15_056.PNG,056
16_056.PNG,056
17_056.PNG,056
18_056.PNG,056
19_056.PNG,056
20_056.PNG,056
21_056.PNG,056
22_056.PNG,056
23_056.PNG,056
24_056.PNG,056
13_013.PNG,013
14_013.PNG,013
15_013.PNG,013
16_013.PNG,013
17_013.PNG,013
18_013.PNG,013
19_013.PNG,013
20_013.PNG,013
21_013.PNG,013
22_013.PNG,013
23_013.PNG,013
24_013.PNG,013
13_057.PNG,057
14_057.PNG,057
15_057.PNG,057
16_057.PNG,057
17_057.PNG,057
18_057.PNG,057
19_057.PNG,057
20_057.PNG,057
21_057.PNG,057
22_057.PNG,057
23_057.PNG,057
24_057.PNG,057
13_058.PNG,058
14_058.PNG,058
15_058.PNG,058
16_058.PNG,058
17_058.PNG,058
18_058.PNG,058
19_058.PNG,058
20_058.PNG,058
21_058.PNG,058
22_058.PNG,058
23_058.PNG,058
24_058.PNG,058
13_059.PNG,059
14_059.PNG,059
15_059.PNG,059
16_059.PNG,059
17_059.PNG,059
18_059.PNG,059
19_059.PNG,059
20_059.PNG,059
21_059.PNG,059
22_059.PNG,059
23_059.PNG,059
24_059.PNG,059
13_017.PNG,017
14_017.PNG,017
15_017.PNG,017
16_017.PNG,017
17_017.PNG,017
18_017.PNG,017
19_017.PNG,017
20_017.PNG,017
21_017.PNG,017
22_017.PNG,017
23_017.PNG,017
24_017.PNG,017
13_018.PNG,018
14_018.PNG,018
15_018.PNG,018
16_018.PNG,018
17_018.PNG,018
18_018.PNG,018
19_018.PNG,018
20_018.PNG,018
21_018.PNG,018
22_018.PNG,018
23_018.PNG,018
24_018.PNG,018
13_019.PNG,019
14_019.PNG,019
15_019.PNG,019
16_019.PNG,019
17_019.PNG,019
18_019.PNG,019
19_019.PNG,019
20_019.PNG,019
21_019.PNG,019
22_019.PNG,019
23_019.PNG,019
24_019.PNG,019
13_060.PNG,060
14_060.PNG,060
15_060.PNG,060
16_060.PNG,060
17_060.PNG,060
18_060.PNG,060
19_060.PNG,060
20_060.PNG,060
21_060.PNG,060
22_060.PNG,060
23_060.PNG,060
24_060.PNG,060
13_061.PNG,061
14_061.PNG,061
15_061.PNG,061
16_061.PNG,061
17_061.PNG,061
18_061.PNG,061
19_061.PNG,061
20_061.PNG,061
21_061.PNG,061
22_061.PNG,061
23_061.PNG,061
24_061.PNG,061
13_062.PNG,062
14_062.PNG,062
15_062.PNG,062
16_062.PNG,062
17_062.PNG,062
18_062.PNG,062
19_062.PNG,062
20_062.PNG,062
21_062.PNG,062
22_062.PNG,062
23_062.PNG,062
24_062.PNG,062
13_063.PNG,063
14_063.PNG,063
15_063.PNG,063
16_063.PNG,063
17_063.PNG,063
18_063.PNG,063
19_063.PNG,063
20_063.PNG,063
21_063.PNG,063
22_063.PNG,063
23_063.PNG,063
24_063.PNG,063
13_020.PNG,020
14_020.PNG,020
15_020.PNG,020
16_020.PNG,020
17_020.PNG,020
18_020.PNG,020
19_020.PNG,020
20_020.PNG,020
21_020.PNG,020
22_020.PNG,020
23_020.PNG,020
24_020.PNG,020
13_064.PNG,064
14_064.PNG,064
15_064.PNG,064
16_064.PNG,064
17_064.PNG,064
18_064.PNG,064
19_064.PNG,064
20_064.PNG,064
21_064.PNG,064
22_064.PNG,064
23_064.PNG,064
24_064.PNG,064
13_021.PNG,021
14_021.PNG,021
15_021.PNG,021
16_021.PNG,021
17_021.PNG,021
18_021.PNG,021
19_021.PNG,021
20_021.PNG,021
21_021.PNG,021
22_021.PNG,021
23_021.PNG,021
24_021.PNG,021
13_065.PNG,065
14_065.PNG,065
15_065.PNG,065
16_065.PNG,065
17_065.PNG,065
18_065.PNG,065
19_065.PNG,065
20_065.PNG,065
21_065.PNG,065
22_065.PNG,065
23_065.PNG,065
24_065.PNG,065
13_022.PNG,022
14_022.PNG,022
15_022.PNG,022
16_022.PNG,022
17_022.PNG,022
18_022.PNG,022
19_022.PNG,022
20_022.PNG,022
21_022.PNG,022
22_022.PNG,022
23_022.PNG,022
24_022.PNG,022
13_066.PNG,066
14_066.PNG,066
15_066.PNG,066
16_066.PNG,066
17_066.PNG,066
18_066.PNG,066
19_066.PNG,066
20_066.PNG,066
21_066.PNG,066
22_066.PNG,066
23_066.PNG,066
24_066.PNG,066
13_023.PNG,023
14_023.PNG,023
15_023.PNG,023
16_023.PNG,023
17_023.PNG,023
18_023.PNG,023
19_023.PNG,023
20_023.PNG,023
21_023.PNG,023
22_023.PNG,023
23_023.PNG,023
24_023.PNG,023
13_067.PNG,067
14_067.PNG,067
15_067.PNG,067
16_067.PNG,067
17_067.PNG,067
18_067.PNG,067
19_067.PNG,067
20_067.PNG,067
21_067.PNG,067
22_067.PNG,067
23_067.PNG,067
24_067.PNG,067
13_024.PNG,024
14_024.PNG,024
15_024.PNG,024
16_024.PNG,024
17_024.PNG,024
18_024.PNG,024
19_024.PNG,024
20_024.PNG,024
21_024.PNG,024
22_024.PNG,024
23_024.PNG,024
24_024.PNG,024
13_068.PNG,068
14_068.PNG,068
15_068.PNG,068
16_068.PNG,068
17_068.PNG,068
18_068.PNG,068
19_068.PNG,068
20_068.PNG,068
21_068.PNG,068
22_068.PNG,068
23_068.PNG,068
24_068.PNG,068
13_025.PNG,025
14_025.PNG,025
15_025.PNG,025
16_025.PNG,025
17_025.PNG,025
18_025.PNG,025
19_025.PNG,025
20_025.PNG,025
21_025.PNG,025
22_025.PNG,025
23_025.PNG,025
24_025.PNG,025
13_069.PNG,069
14_069.PNG,069
15_069.PNG,069
16_069.PNG,069
17_069.PNG,069
18_069.PNG,069
19_069.PNG,069
20_069.PNG,069
21_069.PNG,069
22_069.PNG,069
23_069.PNG,069
24_069.PNG,069
13_026.PNG,026
14_026.PNG,026
15_026.PNG,026
16_026.PNG,026
17_026.PNG,026
18_026.PNG,026
19_026.PNG,026
20_026.PNG,026
21_026.PNG,026
22_026.PNG,026
23_026.PNG,026
24_026.PNG,026
13_027.PNG,027
14_027.PNG,027
15_027.PNG,027
16_027.PNG,027
17_027.PNG,027
18_027.PNG,027
19_027.PNG,027
20_027.PNG,027
21_027.PNG,027
22_027.PNG,027
23_027.PNG,027
24_027.PNG,027
13_028.PNG,028
14_028.PNG,028
15_028.PNG,028
16_028.PNG,028
17_028.PNG,028
18_028.PNG,028
19_028.PNG,028
20_028.PNG,028
21_028.PNG,028
22_028.PNG,028
23_028.PNG,028
24_028.PNG,028
13_029.PNG,029
14_029.PNG,029
15_029.PNG,029
16_029.PNG,029
17_029.PNG,029
18_029.PNG,029
19_029.PNG,029
20_029.PNG,029
21_029.PNG,029
22_029.PNG,029
24_029.PNG,029